Survived,Pclass,Sex,Age,SibSp,Parch,Fare,Embarked,Age_na
0,1.0,1.0,0.748254731484404,0.0,0.3333333333333333,0.029757819776815374,0.6666666666666666,1.0
0,0.5,0.0,0.801769242578651,0.0,0.0,0.020494635090094415,0.0,0.0
0,0.5,0.0,0.801769242578651,0.125,0.16666666666666666,0.07222738817151159,0.6666666666666666,0.0
0,1.0,0.0,0.7101321184931805,0.0,0.0,0.007831878409428937,0.6666666666666666,0.0
0,1.0,0.0,0.7203339211714648,0.0,0.0,0.014151057562208049,0.0,0.0
0,0.0,0.0,0.8820044301127842,0.0,0.0,0.055628295244541985,0.0,0.0
0,1.0,0.0,0.7300610460577387,0.0,0.0,0.015712553569072387,0.0,0.0
1,1.0,1.0,0.748254731484404,0.0,0.0,0.01537917417160685,0.3333333333333333,1.0
0,0.5,0.0,0.748254731484404,0.0,0.0,0.0,0.0,1.0
0,1.0,0.0,0.7649912996723136,0.0,0.0,0.015175789316712771,0.0,0.0
1,0.5,1.0,0.7567904259244436,0.125,0.16666666666666666,0.05855610025741262,0.0,0.0
0,1.0,1.0,0.7203339211714648,0.125,0.0,0.019177122834302632,0.0,0.0
0,0.0,0.0,0.801769242578651,0.125,0.0,0.10149724044618187,0.0,0.0
1,1.0,1.0,0.6499790981622572,0.0,0.0,0.014102260811993537,0.6666666666666666,0.0
1,1.0,1.0,0.748254731484404,0.0,0.0,0.015102594191391004,0.3333333333333333,1.0
0,1.0,0.0,0.748254731484404,0.0,0.0,0.015126992566498259,0.3333333333333333,1.0
0,0.0,0.0,0.9565835478569863,0.0,0.16666666666666666,0.1209753416358076,0.6666666666666666,0.0
0,1.0,0.0,0.748254731484404,0.0,0.0,0.015712553569072387,0.0,1.0
1,1.0,1.0,0.08373804804827849,0.125,0.16666666666666666,0.021730754366528396,0.0,0.0
1,0.0,0.0,0.8210840860672288,0.0,0.0,0.051822148727810165,0.0,0.0
0,1.0,0.0,0.8975000719428585,0.0,0.0,0.0,0.0,0.0
1,1.0,0.0,0.6881017111534806,0.0,0.0,0.015712553569072387,0.0,0.0
0,1.0,1.0,0.748254731484404,0.125,0.0,0.028212719478023115,0.6666666666666666,1.0
0,0.5,0.0,0.972079189687061,0.0,0.0,0.020494635090094415,0.0,0.0
1,1.0,1.0,0.6355530007489782,0.125,0.0,0.021942337075458514,0.6666666666666666,0.0
1,1.0,0.0,0.6994069226064903,0.0,0.0,0.015712553569072387,0.0,0.0
0,0.5,0.0,0.794913038915667,0.125,0.0,0.04684488020593009,0.6666666666666666,0.0
0,1.0,1.0,0.801769242578651,0.125,0.0,0.03513366015444757,0.0,0.0
0,1.0,0.0,0.8084077518153272,0.0,0.0,0.016322512946753766,0.0,0.0
1,1.0,1.0,0.6634738110619175,0.0,0.0,0.015094396337354966,0.3333333333333333,0.0
0,1.0,0.0,0.9017243666778533,0.0,0.0,0.015712553569072387,0.0,0.0
0,1.0,0.0,0.748254731484404,0.0,0.0,0.013760683560491965,0.0,0.0
1,0.0,0.0,0.9254208822557979,0.0,0.0,0.06929138530460494,0.6666666666666666,0.0
0,1.0,0.0,0.49061905999556854,0.5,0.16666666666666666,0.07746484096553544,0.0,0.0
0,1.0,1.0,0.5431677704000709,0.125,0.16666666666666666,0.029757819776815374,0.6666666666666666,0.0
0,0.5,0.0,0.8148419664802251,0.0,0.0,0.023959204355324663,0.0,0.0
0,1.0,0.0,0.6994069226064903,0.0,0.0,0.015411575213749286,0.0,0.0
0,0.5,0.0,0.8116496071035766,0.125,0.0,0.058694292654020104,0.6666666666666666,0.0
1,1.0,0.0,0.08373804804827849,0.125,0.3333333333333333,0.04015972542654215,0.0,0.0
0,1.0,1.0,0.8796939593381534,0.125,0.6666666666666666,0.05445717323939373,0.0,0.0
1,0.0,1.0,0.748254731484404,0.0,0.0,0.21642978772242535,0.6666666666666666,1.0
0,1.0,0.0,0.6994069226064903,0.0,0.0,0.015175789316712771,0.0,0.0
1,0.0,1.0,0.7203339211714648,0.25,0.3333333333333333,0.5121218935012878,0.6666666666666666,0.0
1,1.0,1.0,0.373605929555098,0.125,0.16666666666666666,0.03259622914329302,0.0,0.0
0,1.0,0.0,0.780486941502388,0.0,0.0,0.015411575213749286,0.0,0.0
1,1.0,1.0,0.6761501453138191,0.5,0.3333333333333333,0.015468569817999833,0.0,0.0
0,1.0,0.0,0.794913038915667,0.125,0.0,0.031425107138144774,0.0,0.0
0,1.0,0.0,0.7300610460577387,0.0,0.0,0.014151057562208049,0.0,0.0
1,0.5,1.0,0.8796939593381534,0.0,0.0,0.026350245115835676,0.0,0.0
1,1.0,0.0,0.7567904259244436,0.0,0.0,0.0,0.0,0.0
0,1.0,0.0,0.6881017111534806,0.125,0.16666666666666666,0.039452172548431745,0.0,0.0
0,1.0,0.0,0.8148419664802251,0.0,0.0,0.018542765081513996,0.0,0.0
1,0.5,1.0,0.748254731484404,0.125,0.3333333333333333,0.12687155055772734,0.0,0.0
1,1.0,1.0,0.7649912996723136,0.0,0.0,0.015468569817999833,0.0,0.0
0,1.0,1.0,0.7300610460577387,0.0,0.0,0.02052723131923771,0.0,0.0
0,0.0,0.0,0.9254208822557979,0.0,0.0,0.051822148727810165,0.0,0.0
0,1.0,0.0,0.780486941502388,0.125,0.0,0.030937139635999665,0.0,0.0
1,0.0,1.0,0.827145248933651,0.0,0.0,1.0,0.6666666666666666,0.0
1,0.5,1.0,0.4583868499775845,0.0,0.16666666666666666,0.06441171028315387,0.0,0.0
1,0.5,1.0,0.8602291728689075,0.0,0.16666666666666666,0.038061465167318204,0.0,0.0
0,1.0,0.0,0.748254731484404,0.0,0.0,0.014273049437744325,0.0,1.0
0,1.0,0.0,0.748254731484404,0.0,0.0,0.014110458666029575,0.6666666666666666,1.0
1,0.0,1.0,0.9099252404257233,0.125,0.16666666666666666,0.18249984580226933,0.0,0.0
0,1.0,0.0,0.8084077518153272,0.0,0.0,0.015468569817999833,0.0,0.0
0,0.5,0.0,0.827145248933651,0.0,0.0,0.050748620223090936,0.0,0.0
1,0.0,1.0,0.6881017111534806,0.0,0.3333333333333333,0.1554664461834305,0.0,0.0
1,1.0,0.0,0.748254731484404,0.125,0.16666666666666666,0.029757819776815374,0.6666666666666666,1.0
0,1.0,1.0,0.748254731484404,0.0,0.0,0.01588334219482317,0.3333333333333333,1.0
0,1.0,0.0,0.748254731484404,0.0,0.0,0.015411575213749286,0.0,1.0
0,1.0,0.0,0.748254731484404,0.0,0.0,0.015712553569072387,0.0,1.0
1,1.0,1.0,0.7728826315759671,0.0,0.16666666666666666,0.024349578357040744,0.0,0.0
0,1.0,0.0,0.7300610460577387,0.0,0.0,0.015411575213749286,0.0,0.0
0,1.0,0.0,0.6634738110619175,0.25,0.0,0.03513366015444757,0.0,0.0
0,0.0,0.0,0.8975000719428585,0.125,0.16666666666666666,0.21642978772242535,0.6666666666666666,0.0
0,0.5,0.0,0.748254731484404,0.0,0.0,0.0,0.0,1.0
0,1.0,1.0,0.6634738110619175,0.625,0.3333333333333333,0.09154270340242172,0.0,0.0
0,1.0,1.0,0.6881017111534806,0.125,0.0,0.034743286152731485,0.0,0.0
1,1.0,1.0,0.748254731484404,0.0,0.0,0.015126992566498259,0.3333333333333333,1.0
1,1.0,0.0,0.8796939593381534,0.0,0.0,0.015712553569072387,0.0,0.0
1,1.0,0.0,0.31345290922417474,0.5,0.3333333333333333,0.06126431989431795,0.0,0.0
0,1.0,0.0,0.9735674200093619,0.0,0.0,0.015126992566498259,0.3333333333333333,0.0
0,1.0,0.0,0.748254731484404,0.0,0.0,0.015411575213749286,0.0,1.0
0,1.0,0.0,0.748254731484404,0.25,0.0,0.04231498029001666,0.6666666666666666,1.0
0,1.0,0.0,0.8241366290043104,0.0,0.0,0.012565163180236457,0.6666666666666666,0.0
0,0.0,0.0,0.8550660592465903,0.0,0.0,0.0,0.0,0.0
0,1.0,0.0,0.748254731484404,0.0,0.0,0.030253985132996517,0.3333333333333333,1.0
0,1.0,0.0,0.7728826315759671,0.125,0.0,0.028212719478023115,0.6666666666666666,0.0
1,1.0,1.0,0.6881017111534806,0.0,0.0,0.014630827210317117,0.0,0.0
0,0.0,0.0,0.748254731484404,0.0,0.0,0.05410739813385612,0.6666666666666666,1.0
1,0.0,0.0,0.9058650064897152,0.0,0.0,0.051822148727810165,0.0,0.0
1,0.0,1.0,0.8975000719428585,0.125,0.0,0.1497654242623688,0.6666666666666666,0.0
0,1.0,0.0,0.08373804804827849,0.625,0.3333333333333333,0.09154270340242172,0.0,0.0
0,0.0,0.0,0.9178165723293769,0.0,0.16666666666666666,0.15085515328815924,0.0,0.0
0,1.0,1.0,0.748254731484404,0.125,0.0,0.028220722145058292,0.6666666666666666,1.0
1,0.5,0.0,0.5185398703085077,0.125,0.16666666666666666,0.07173122281533045,0.0,0.0
0,0.0,0.0,0.748254731484404,0.0,0.16666666666666666,0.4831284260198326,0.6666666666666666,0.0
0,1.0,0.0,0.7101321184931805,0.0,0.0,0.015712553569072387,0.0,0.0
0,1.0,0.0,0.794913038915667,0.0,0.0,0.015712553569072387,0.0,0.0
1,1.0,0.0,0.748254731484404,0.0,0.0,0.01393967004027879,0.0,0.0
1,1.0,1.0,0.748254731484404,0.0,0.0,0.015281580671177828,0.3333333333333333,1.0
0,1.0,1.0,0.748254731484404,0.0,0.0,0.014736618564782174,0.0,1.0
0,1.0,0.0,0.7567904259244436,0.0,0.0,0.014151057562208049,0.0,0.0
1,1.0,1.0,0.748254731484404,0.125,0.0,0.030253985132996517,0.3333333333333333,1.0
0,0.0,0.0,0.748254731484404,0.0,0.0,0.06831545030031472,0.0,1.0
1,0.0,1.0,0.8931886722378137,0.0,0.0,0.050610427826483444,0.0,0.0
0,1.0,0.0,0.9836985942534056,0.0,0.0,0.015175789316712771,0.0,0.0
0,1.0,0.0,0.7393557085818239,0.0,0.0,0.015411575213749286,0.0,0.0
0,1.0,0.0,0.6761501453138191,0.125,0.16666666666666666,0.014110458666029575,0.6666666666666666,0.0
0,1.0,1.0,0.748254731484404,0.375,0.16666666666666666,0.049707687947515,0.0,1.0
0,0.5,0.0,0.9099252404257233,0.0,0.0,0.026350245115835676,0.0,0.0
0,0.0,0.0,0.748254731484404,0.0,0.0,0.10149724044618187,0.0,1.0
1,0.5,0.0,0.748254731484404,0.0,0.0,0.025374310111545468,0.0,1.0
0,0.5,0.0,0.8210840860672288,0.125,0.0,0.04098927018018883,0.0,0.0
1,1.0,1.0,0.748254731484404,0.0,0.3333333333333333,0.04364049521284362,0.6666666666666666,1.0
1,0.5,1.0,0.8210840860672288,0.125,0.16666666666666666,0.06343577527886367,0.0,0.0
1,0.5,1.0,0.748254731484404,0.0,0.0,0.025374310111545468,0.0,0.0
0,0.5,0.0,0.7878243777772886,0.0,0.0,0.020494635090094415,0.0,0.0
0,0.5,0.0,0.8330356519068904,0.0,0.0,0.025374310111545468,0.0,0.0
0,0.0,0.0,0.943303181954653,0.0,0.0,0.06538764528744409,0.0,0.0
1,0.0,0.0,0.8796939593381534,0.0,0.0,0.051822148727810165,0.0,0.0
0,0.5,0.0,0.8210840860672288,0.0,0.0,0.025374310111545468,0.0,0.0
1,0.0,1.0,0.748254731484404,0.125,0.0,0.10122885832000206,0.0,1.0
0,1.0,0.0,0.7203339211714648,0.0,0.0,0.01646070534336126,0.0,0.0
0,1.0,0.0,0.748254731484404,0.125,0.0,0.03897240290032268,0.0,1.0
1,0.5,0.0,0.04477737590878006,0.0,0.3333333333333333,0.056604230248832196,0.0,0.0
1,0.0,0.0,0.7649912996723136,0.0,0.0,0.05855610025741262,0.6666666666666666,0.0
1,1.0,1.0,0.748254731484404,0.0,0.0,0.015126992566498259,0.3333333333333333,1.0
0,0.0,0.0,0.9216532942424115,0.0,0.0,0.05953203526170282,0.0,0.0
0,1.0,1.0,0.4583868499775845,0.5,0.3333333333333333,0.06104473451835265,0.0,0.0
1,0.5,1.0,0.9017243666778533,0.0,0.0,0.020494635090094415,0.0,0.0
0,1.0,0.0,0.7649912996723136,0.0,0.0,0.015411575213749286,0.0,0.0
1,0.5,0.0,0.8210840860672288,0.0,0.0,0.025374310111545468,0.0,0.0
0,1.0,1.0,0.8497722200948,0.0,0.8333333333333333,0.05684821399990475,0.3333333333333333,0.0
0,1.0,1.0,0.794913038915667,0.125,0.16666666666666666,0.04713766070721715,0.0,0.0
0,1.0,0.0,0.748254731484404,0.0,0.0,0.014151057562208049,0.0,1.0
0,1.0,0.0,0.7300610460577387,0.0,0.0,0.013907073811135496,0.0,0.0
1,0.0,0.0,0.827145248933651,0.0,0.0,0.05130978285055781,0.0,0.0
0,0.0,0.0,0.8652678619248745,0.125,0.0,0.10149724044618187,0.0,0.0
1,1.0,0.0,0.7878243777772886,0.0,0.0,0.018542765081513996,0.0,0.0
0,1.0,0.0,0.748254731484404,1.0,0.3333333333333333,0.13575255909676825,0.0,1.0
1,1.0,0.0,0.801769242578651,0.0,0.0,0.015468569817999833,0.0,0.0
0,1.0,0.0,0.748254731484404,0.0,0.0,0.014110458666029575,0.6666666666666666,1.0
1,1.0,1.0,0.748254731484404,0.125,0.0,0.04713766070721715,0.3333333333333333,1.0
1,0.0,1.0,0.8602291728689075,0.0,0.0,0.2625265161540666,0.6666666666666666,0.0
1,0.5,1.0,0.780486941502388,0.0,0.0,0.025374310111545468,0.0,0.0
0,0.0,0.0,0.8842896493352337,0.125,0.0,0.11940564777490723,0.0,0.0
0,1.0,0.0,0.748254731484404,0.125,0.0,0.030253985132996517,0.3333333333333333,1.0
0,0.0,0.0,0.9017243666778533,0.125,0.0,0.1091095334796455,0.0,0.0
0,1.0,0.0,0.8443408633599,0.0,0.0,0.013760683560491965,0.0,0.0
0,1.0,0.0,0.585127105304329,0.0,0.0,0.036670757786204655,0.6666666666666666,0.0
0,1.0,0.0,0.7101321184931805,0.0,0.0,0.019217721730481106,0.0,0.0
1,0.5,1.0,0.827145248933651,0.0,0.0,0.04098927018018883,0.0,0.0
0,1.0,0.0,0.8497722200948,0.0,0.0,0.04713766070721715,0.0,0.0
1,1.0,0.0,0.5431677704000709,0.0,0.3333333333333333,0.04006213192611313,0.0,0.0
0,0.5,0.0,0.6994069226064903,0.0,0.0,0.020494635090094415,0.0,0.0
0,1.0,0.0,0.8550660592465903,0.125,0.16666666666666666,0.030253985132996517,0.3333333333333333,0.0
0,1.0,0.0,0.8443408633599,0.0,0.0,0.016908073949327893,0.0,0.0
1,1.0,0.0,0.7300610460577387,0.0,0.0,0.014102260811993537,0.6666666666666666,0.0
0,0.0,0.0,0.9565835478569863,0.0,0.0,0.051822148727810165,0.0,0.0
1,0.0,1.0,0.9398469796690767,0.125,0.0,0.14687821814567664,0.6666666666666666,0.0
0,1.0,0.0,0.8887864995868755,0.0,0.0,0.014151057562208049,0.0,0.0
0,1.0,0.0,0.748254731484404,0.0,0.0,0.015411575213749286,0.0,1.0
0,0.0,0.0,0.9058650064897152,0.0,0.16666666666666666,0.11980421963065935,0.6666666666666666,0.0
1,1.0,0.0,0.7203339211714648,0.0,0.0,0.015216388212891242,0.0,0.0
0,0.5,0.0,0.7728826315759671,0.0,0.0,0.025374310111545468,0.0,0.0
1,0.0,0.0,0.7728826315759671,0.125,0.0,0.10364429745562033,0.0,0.0
1,0.0,0.0,0.8975000719428585,0.125,0.0,0.17391981561855152,0.6666666666666666,0.0
1,0.5,1.0,0.7878243777772886,0.0,0.0,0.020494635090094415,0.0,0.0
0,0.5,0.0,0.6634738110619175,0.0,0.0,0.020494635090094415,0.0,0.0
0,1.0,0.0,0.7203339211714648,0.0,0.0,0.015175789316712771,0.0,0.0
0,0.0,0.0,0.8887864995868755,0.0,0.0,0.07514699533034619,0.0,0.0
1,0.0,1.0,0.9327583185306982,0.0,0.16666666666666666,0.2995388511917728,0.0,0.0
1,0.5,1.0,0.8550660592465903,0.0,0.0,0.030741952635141623,0.0,0.0
0,1.0,0.0,0.827145248933651,0.0,0.0,0.013760683560491965,0.0,0.0
0,1.0,0.0,0.9058650064897152,0.0,0.0,0.015126992566498259,0.0,0.0
1,0.5,1.0,0.7728826315759671,0.125,0.0,0.027049600139910042,0.6666666666666666,0.0
0,1.0,0.0,0.8148419664802251,0.0,0.0,0.015411575213749286,0.0,0.0
1,0.5,1.0,0.373605929555098,0.25,0.16666666666666666,0.07612293033463641,0.0,0.0
0,1.0,1.0,0.780486941502388,0.0,0.0,0.015411575213749286,0.0,0.0
0,0.5,0.0,0.8210840860672288,0.0,0.0,0.025374310111545468,0.0,0.0
0,1.0,1.0,0.8701879825185879,0.125,1.0,0.09154270340242172,0.0,0.0
0,1.0,1.0,0.748254731484404,0.375,0.16666666666666666,0.049707687947515,0.0,1.0
1,0.0,1.0,0.748254731484404,0.125,0.0,0.2608674266467732,0.0,1.0
1,0.0,1.0,0.8497722200948,0.125,0.16666666666666666,0.1554664461834305,0.0,0.0
1,0.0,1.0,0.748254731484404,0.125,0.0,0.10149724044618187,0.0,1.0
0,1.0,1.0,0.6881017111534806,0.0,0.0,0.015175789316712771,0.0,0.0
1,0.0,1.0,0.794913038915667,0.0,0.0,0.18249984580226933,0.0,0.0
0,1.0,1.0,0.7393557085818239,0.0,0.0,0.015468569817999833,0.0,0.0
1,1.0,0.0,0.6634738110619175,0.0,0.0,0.015712553569072387,0.0,0.0
0,1.0,0.0,0.7649912996723136,0.0,0.0,0.015395374692678068,0.0,0.0
1,0.0,1.0,0.794913038915667,0.0,0.0,0.11111839809247648,0.6666666666666666,0.0
0,1.0,0.0,0.6881017111534806,0.0,0.0,0.015216388212891242,0.0,0.0
0,1.0,0.0,0.5185398703085077,0.5,0.16666666666666666,0.05684821399990475,0.3333333333333333,0.0
1,0.5,1.0,0.9216532942424115,0.0,0.0,0.03122992013728673,0.0,0.0
0,0.0,0.0,0.8749949868111484,0.25,0.0,0.17566830077223786,0.3333333333333333,0.0
0,1.0,1.0,0.748254731484404,0.375,0.16666666666666666,0.049707687947515,0.0,1.0
0,0.0,0.0,0.9178165723293769,0.0,0.0,0.10122885832000206,0.0,0.0
0,0.0,0.0,0.794913038915667,0.0,0.0,0.05416439273810667,0.6666666666666666,0.0
0,1.0,0.0,0.7101321184931805,0.0,0.0,0.018542765081513996,0.0,0.0
1,1.0,1.0,0.22867198880168826,0.0,0.16666666666666666,0.023983602730431916,0.0,0.0
0,1.0,0.0,0.8387646534999957,0.25,0.0,0.015468569817999833,0.0,0.0
1,0.5,1.0,0.748254731484404,0.0,0.0,0.024105594605968193,0.3333333333333333,1.0
0,1.0,0.0,0.748254731484404,0.0,0.0,0.015411575213749286,0.0,1.0
1,1.0,1.0,0.6634738110619175,0.0,0.0,0.015126992566498259,0.3333333333333333,0.0
0,1.0,0.0,0.6994069226064903,0.0,0.0,0.0,0.0,0.0
0,1.0,0.0,0.7203339211714648,0.0,0.0,0.01522458606692728,0.0,0.0
0,1.0,0.0,0.7878243777772886,0.0,0.0,0.015712553569072387,0.0,0.0
0,1.0,0.0,0.748254731484404,0.0,0.0,0.014102260811993537,0.6666666666666666,1.0
0,1.0,0.0,0.748254731484404,0.0,0.0,0.015712553569072387,0.0,1.0
1,1.0,1.0,0.6499790981622572,0.0,0.0,0.015671954672893913,0.3333333333333333,0.0
0,1.0,1.0,0.31345290922417474,0.375,0.16666666666666666,0.04113566043083236,0.0,0.0
0,1.0,0.0,0.748254731484404,0.0,0.0,0.013565496559633922,0.3333333333333333,1.0
1,0.0,1.0,0.8084077518153272,0.0,0.0,0.14891148113361488,0.6666666666666666,0.0
0,1.0,1.0,0.8084077518153272,0.125,0.16666666666666666,0.030253985132996517,0.3333333333333333,0.0
0,1.0,0.0,0.7878243777772886,0.0,0.0,0.015370976317570811,0.0,0.0
0,1.0,0.0,0.748254731484404,0.0,0.0,0.015411575213749286,0.6666666666666666,1.0
1,0.0,0.0,0.8931886722378137,0.0,0.0,0.051822148727810165,0.0,0.0
0,1.0,1.0,0.22867198880168826,0.0,0.16666666666666666,0.02042143996477265,0.0,0.0
0,0.5,0.0,0.7393557085818239,0.25,0.16666666666666666,0.022446505098674838,0.0,0.0
1,0.5,1.0,0.8084077518153272,0.0,0.0,0.025374310111545468,0.0,0.0
0,0.5,0.0,0.7878243777772886,0.125,0.0,0.05410739813385612,0.6666666666666666,0.0
0,1.0,0.0,0.7841878430289768,0.0,0.0,0.031425107138144774,0.0,0.0
1,0.0,1.0,0.748254731484404,0.125,0.0,0.16038672010106003,0.6666666666666666,1.0
0,0.0,0.0,0.748254731484404,0.0,0.0,0.09759350042902103,0.0,1.0
1,0.0,1.0,0.8749949868111484,0.0,0.0,0.05410739813385612,0.6666666666666666,0.0
0,1.0,0.0,0.7649912996723136,0.0,0.0,0.015712553569072387,0.0,0.0
0,1.0,1.0,0.7203339211714648,0.25,0.3333333333333333,0.06709553154495196,0.0,0.0
0,0.0,0.0,0.8330356519068904,0.0,0.0,0.07831878409428937,0.6666666666666666,0.0
0,1.0,1.0,0.8887864995868755,0.125,0.0,0.028302115124416098,0.0,0.0
1,1.0,1.0,0.42026423698636106,0.5,0.3333333333333333,0.06126431989431795,0.0,0.0
0,1.0,0.0,0.7203339211714648,0.0,0.0,0.015468569817999833,0.0,0.0
0,0.5,0.0,0.794913038915667,0.0,0.0,0.025374310111545468,0.0,0.0
0,1.0,0.0,0.780486941502388,0.0,0.0,0.015411575213749286,0.0,0.0
1,1.0,1.0,0.7649912996723136,0.0,0.0,0.015330377421392339,0.0,0.0
0,1.0,0.0,0.7878243777772886,0.0,0.0,0.018510168852370702,0.0,0.0
0,1.0,0.0,0.748254731484404,0.0,0.0,0.014110458666029575,0.6666666666666666,1.0
0,0.5,0.0,0.748254731484404,0.0,0.0,0.025374310111545468,0.0,0.0
0,1.0,0.0,0.8084077518153272,0.125,0.0,0.030937139635999665,0.0,0.0
0,0.0,0.0,0.748254731484404,0.0,0.0,0.4440992237022602,0.6666666666666666,1.0
0,0.0,0.0,0.9750451327150224,0.0,0.0,0.09662576327876685,0.6666666666666666,0.0
0,0.0,0.0,0.9750451327150224,0.0,0.0,0.06764049365134761,0.6666666666666666,0.0
0,0.0,0.0,0.748254731484404,0.0,0.0,0.4328841690069588,0.0,1.0
0,1.0,0.0,0.8602291728689075,0.0,0.0,0.013907073811135496,0.0,0.0
1,0.0,0.0,0.8330356519068904,0.0,0.0,0.051504969851415845,0.0,0.0
1,1.0,0.0,0.8084077518153272,0.0,0.0,0.11027245763075773,0.0,0.0
0,1.0,0.0,0.748254731484404,0.0,0.0,0.015712553569072387,0.0,0.0
0,1.0,1.0,0.6881017111534806,0.25,0.0,0.03513366015444757,0.0,0.0
0,1.0,0.0,0.8330356519068904,0.0,0.0,0.0,0.0,0.0
1,0.5,1.0,0.8148419664802251,0.0,0.3333333333333333,0.050748620223090936,0.0,0.0
0,1.0,0.0,0.7300610460577387,0.125,0.0,0.014151057562208049,0.0,0.0
0,1.0,0.0,0.748254731484404,0.125,0.0,0.030253985132996517,0.3333333333333333,1.0
0,1.0,0.0,0.373605929555098,0.5,0.16666666666666666,0.05684821399990475,0.3333333333333333,0.0
0,1.0,0.0,0.780486941502388,0.25,0.0,0.015468569817999833,0.0,0.0
1,0.0,1.0,0.748254731484404,0.0,0.0,0.09662576327876685,0.6666666666666666,0.0
1,0.5,1.0,0.8330356519068904,0.125,0.0,0.050748620223090936,0.0,0.0
0,0.0,0.0,0.7878243777772886,0.0,0.0,0.05855610025741262,0.0,0.0
1,1.0,0.0,0.748254731484404,0.0,0.0,0.015175789316712771,0.0,1.0
0,0.5,0.0,0.9291217837823865,0.0,0.0,0.024105594605968193,0.3333333333333333,0.0
1,0.5,1.0,0.7878243777772886,0.125,0.0,0.050748620223090936,0.0,0.0
0,0.0,0.0,0.8497722200948,0.0,0.0,0.0,0.0,0.0
0,1.0,0.0,0.748254731484404,0.0,0.0,0.015411575213749286,0.0,1.0
0,1.0,0.0,0.8749949868111484,0.0,0.0,0.015712553569072387,0.0,0.0
1,0.5,1.0,0.8330356519068904,0.0,0.0,0.025374310111545468,0.0,0.0
1,0.5,0.0,0.08373804804827849,0.0,0.3333333333333333,0.07222738817151159,0.6666666666666666,0.0
0,0.0,0.0,0.7203339211714648,0.0,0.16666666666666666,0.15085515328815924,0.0,0.0
0,0.0,0.0,0.943303181954653,0.0,0.0,0.06308600017332605,0.0,0.0
0,1.0,0.0,0.8443408633599,0.0,0.0,0.015411575213749286,0.0,0.0
0,0.5,0.0,0.794913038915667,0.0,0.0,0.025374310111545468,0.0,0.0
0,0.5,0.0,0.8887864995868755,0.0,0.0,0.02927805012870631,0.0,0.0
0,1.0,0.0,0.748254731484404,0.0,0.0,0.015216388212891242,0.0,0.0
1,1.0,0.0,0.7728826315759671,0.0,0.0,0.016908073949327893,0.0,0.0
0,1.0,1.0,0.7567904259244436,0.0,0.0,0.015175789316712771,0.0,0.0
0,0.5,0.0,0.7203339211714648,0.125,0.0,0.022446505098674838,0.0,0.0
1,0.5,1.0,0.6994069226064903,0.125,0.0,0.050748620223090936,0.0,0.0
1,1.0,0.0,0.6033207907309942,0.125,0.0,0.021942337075458514,0.6666666666666666,0.0
0,0.5,0.0,0.7393557085818239,0.0,0.0,0.02936744577509929,0.6666666666666666,0.0
0,0.5,0.0,0.748254731484404,0.0,0.0,0.0,0.0,1.0
0,1.0,0.0,0.7101321184931805,0.0,0.0,0.015330377421392339,0.0,0.0
1,1.0,1.0,0.373605929555098,0.0,0.16666666666666666,0.026187654344120927,0.6666666666666666,0.0
0,1.0,0.0,0.8550660592465903,0.0,0.0,0.014102260811993537,0.6666666666666666,0.0
1,0.0,1.0,0.6355530007489782,0.125,0.3333333333333333,0.23422440102965048,0.0,0.0
0,1.0,0.0,0.794913038915667,0.0,0.0,0.014151057562208049,0.0,0.0
0,1.0,0.0,0.6761501453138191,0.125,0.0,0.013768881414528002,0.0,0.0
1,0.0,0.0,0.8443408633599,0.125,0.0,0.17566830077223786,0.0,0.0
0,1.0,0.0,0.748254731484404,0.0,0.0,0.014102260811993537,0.6666666666666666,1.0
0,0.5,1.0,0.9291217837823865,0.0,0.0,0.020494635090094415,0.0,0.0
1,0.0,1.0,0.913908131850185,0.25,0.0,0.10048070654571319,0.0,0.0
1,0.5,1.0,0.6881017111534806,0.0,0.3333333333333333,0.025374310111545468,0.0,0.0
0,1.0,0.0,0.748254731484404,0.0,0.0,0.029473237129564348,0.0,1.0
0,1.0,0.0,0.7649912996723136,0.0,0.0,0.015411575213749286,0.0,0.0
1,0.0,1.0,0.9058650064897152,0.125,0.0,0.15216446768991498,0.0,0.0
1,0.5,1.0,0.8550660592465903,0.125,0.16666666666666666,0.07612293033463641,0.0,0.0
1,0.0,1.0,0.827145248933651,0.125,0.0,0.10364429745562033,0.0,0.0
0,0.5,0.0,0.7567904259244436,0.0,0.0,0.025374310111545468,0.0,0.0
1,0.0,1.0,0.8330356519068904,0.0,0.0,0.2647385704347907,0.6666666666666666,0.0
0,1.0,0.0,0.780486941502388,0.0,0.0,0.018542765081513996,0.0,0.0
0,0.5,0.0,0.827145248933651,0.0,0.0,0.020494635090094415,0.0,0.0
1,1.0,1.0,0.748254731484404,0.125,0.0,0.030253985132996517,0.3333333333333333,1.0
0,1.0,0.0,0.7101321184931805,0.0,0.0,0.01800600082915438,0.0,0.0
0,0.0,0.0,0.748254731484404,0.0,0.0,0.05410739813385612,0.6666666666666666,1.0
0,1.0,0.0,0.748254731484404,0.125,0.0,0.031425107138144774,0.0,0.0
0,1.0,0.0,0.8148419664802251,0.125,0.16666666666666666,0.04006213192611313,0.0,0.0
0,0.5,0.0,0.6881017111534806,0.0,0.0,0.1434624456306609,0.0,0.0
1,0.5,1.0,0.8210840860672288,0.0,0.0,0.025374310111545468,0.0,0.0
0,1.0,1.0,0.6881017111534806,0.0,0.16666666666666666,0.028212719478023115,0.6666666666666666,0.0
0,1.0,0.0,0.8887864995868755,0.0,0.0,0.017566830077223785,0.0,0.0
0,1.0,0.0,0.794913038915667,0.0,0.0,0.014110458666029575,0.6666666666666666,0.0
1,0.5,1.0,0.6994069226064903,0.0,0.0,0.050748620223090936,0.0,0.0
0,1.0,0.0,0.7300610460577387,0.0,0.0,0.018249984580226933,0.0,0.0
0,1.0,1.0,0.7567904259244436,0.125,0.0,0.015468569817999833,0.0,0.0
1,1.0,1.0,0.748254731484404,0.25,0.0,0.04538097769949478,0.3333333333333333,1.0
1,0.0,1.0,0.748254731484404,0.0,0.0,0.13526459159462315,0.6666666666666666,0.0
0,1.0,0.0,0.8330356519068904,0.125,0.0,0.030351578633425542,0.0,0.0
0,0.0,0.0,0.8443408633599,0.0,0.16666666666666666,0.2995388511917728,0.0,0.0
0,0.0,0.0,0.8796939593381534,0.0,0.0,0.06929138530460494,0.0,0.0
0,1.0,1.0,0.5651981777397709,0.0,0.3333333333333333,0.04713766070721715,0.0,0.0
0,1.0,0.0,0.6994069226064903,0.0,0.0,0.019852079483269742,0.0,0.0
0,1.0,0.0,0.8602291728689075,0.25,0.0,0.027537567642055148,0.0,0.0
1,0.0,0.0,0.827145248933651,0.0,0.0,1.0,0.6666666666666666,0.0
0,1.0,0.0,0.6761501453138191,0.0,0.0,0.016908073949327893,0.0,0.0
0,1.0,0.0,0.748254731484404,0.0,0.0,0.015712553569072387,0.0,1.0
0,1.0,1.0,0.7101321184931805,0.0,0.0,0.016908073949327893,0.0,0.0
0,1.0,1.0,0.748254731484404,0.0,0.0,0.015712553569072387,0.0,1.0
0,1.0,0.0,0.373605929555098,0.375,0.3333333333333333,0.05445717323939373,0.0,0.0
1,0.0,0.0,0.827145248933651,0.0,0.0,0.051822148727810165,0.6666666666666666,0.0
0,1.0,1.0,0.748254731484404,0.125,0.3333333333333333,0.04577135170121086,0.0,1.0
0,1.0,0.0,0.7300610460577387,0.0,0.0,0.014679623960531627,0.0,0.0
0,1.0,0.0,0.8550660592465903,0.125,0.6666666666666666,0.05445717323939373,0.0,0.0
1,0.5,1.0,0.5185398703085077,0.0,0.3333333333333333,0.05123658772523604,0.0,0.0
0,1.0,0.0,0.7567904259244436,0.0,0.0,0.015110792045427042,0.3333333333333333,0.0
1,1.0,1.0,0.6881017111534806,0.0,0.16666666666666666,0.018249984580226933,0.0,0.0
0,1.0,0.0,0.7300610460577387,0.0,0.0,0.015712553569072387,0.0,0.0
0,1.0,0.0,0.7567904259244436,0.0,0.0,0.013760683560491965,0.0,0.0
1,1.0,0.0,0.8084077518153272,0.0,0.0,0.015330377421392339,0.0,0.0
0,1.0,0.0,0.748254731484404,0.0,0.0,0.015126992566498259,0.3333333333333333,1.0
1,0.5,1.0,0.9017243666778533,0.0,0.16666666666666666,0.050748620223090936,0.0,0.0
0,0.0,0.0,0.8887864995868755,0.0,0.0,0.04994347384455151,0.0,0.0
1,0.0,0.0,1.0,0.0,0.0,0.05855610025741262,0.0,0.0
0,0.0,0.0,0.8387646534999957,0.125,0.0,0.10364429745562033,0.0,0.0
0,1.0,0.0,0.22867198880168826,0.375,0.16666666666666666,0.04113566043083236,0.0,0.0
0,1.0,1.0,0.748254731484404,0.0,0.0,0.014891206669461744,0.3333333333333333,1.0
1,0.0,1.0,0.8148419664802251,0.0,0.0,0.16883675574220638,0.0,0.0
1,1.0,0.0,0.7101321184931805,0.125,0.16666666666666666,0.030725752114070404,0.6666666666666666,0.0
1,0.0,1.0,0.6634738110619175,0.0,0.16666666666666666,0.07690367833806856,0.0,0.0
1,0.5,0.0,0.31345290922417474,0.125,0.16666666666666666,0.03659756266088288,0.0,0.0
0,1.0,0.0,0.748254731484404,0.0,0.0,0.015126992566498259,0.3333333333333333,1.0
0,1.0,0.0,0.7567904259244436,0.125,0.0,0.034743286152731485,0.0,0.0
0,1.0,0.0,0.8576635519984536,0.0,0.3333333333333333,0.028302115124416098,0.0,0.0
0,0.5,0.0,0.7567904259244436,0.0,0.0,0.025374310111545468,0.0,0.0
0,0.0,0.0,0.8842896493352337,0.0,0.0,0.15458810467956932,0.6666666666666666,0.0
0,1.0,0.0,0.748254731484404,0.0,0.0,0.015126992566498259,0.3333333333333333,1.0
0,0.5,0.0,0.7393557085818239,0.0,0.0,0.025374310111545468,0.0,0.0
1,0.5,1.0,0.7203339211714648,0.0,0.0,0.020494635090094415,0.0,0.0
1,1.0,0.0,0.8497722200948,0.0,0.0,0.015468569817999833,0.0,0.0
1,0.5,1.0,0.7393557085818239,0.0,0.0,0.026919605597338588,0.6666666666666666,0.0
0,1.0,0.0,0.748254731484404,0.0,0.0,0.015078195816283748,0.3333333333333333,1.0
0,0.5,0.0,0.8497722200948,0.0,0.0,0.025374310111545468,0.0,0.0
0,1.0,1.0,0.748254731484404,0.0,0.3333333333333333,0.015126992566498259,0.3333333333333333,1.0
1,0.0,1.0,0.6634738110619175,0.0,0.0,0.16883675574220638,0.0,0.0
0,1.0,0.0,0.748254731484404,0.0,0.0,0.014110458666029575,0.6666666666666666,1.0
1,0.0,1.0,0.8497722200948,0.125,0.0,0.1091095334796455,0.0,0.0
1,1.0,1.0,0.748254731484404,0.0,0.0,0.015126992566498259,0.3333333333333333,1.0
1,0.0,1.0,0.8443408633599,0.0,0.0,0.4440992237022602,0.6666666666666666,0.0
0,1.0,0.0,0.827145248933651,0.0,0.0,0.013907073811135496,0.0,0.0
0,1.0,0.0,0.6761501453138191,0.0,0.0,0.016908073949327893,0.0,0.0
0,0.0,0.0,0.7878243777772886,0.125,0.0,0.12999454257145598,0.0,0.0
0,1.0,0.0,0.585127105304329,0.625,0.3333333333333333,0.09154270340242172,0.0,0.0
1,0.0,1.0,0.7878243777772886,0.0,0.0,0.41250332793836464,0.0,0.0
1,1.0,0.0,0.748254731484404,0.0,0.0,0.015126992566498259,0.3333333333333333,1.0
0,1.0,0.0,0.748254731484404,0.125,0.0,0.03897240290032268,0.0,1.0
0,1.0,1.0,0.7983692412012432,0.0,0.0,0.015126992566498259,0.3333333333333333,0.0
1,0.0,0.0,0.9099252404257233,0.0,0.0,0.05953203526170282,0.0,0.0
0,1.0,0.0,0.7203339211714648,0.0,0.0,0.031425107138144774,0.0,0.0
1,0.5,1.0,0.748254731484404,0.25,0.5,0.03659756266088288,0.0,0.0
1,0.0,1.0,0.748254731484404,0.0,0.0,0.13526459159462315,0.6666666666666666,0.0
0,0.0,0.0,0.748254731484404,0.0,0.0,0.05991421140938287,0.6666666666666666,1.0
0,0.5,0.0,0.794913038915667,0.0,0.0,0.020494635090094415,0.0,0.0
0,0.0,0.0,0.748254731484404,0.0,0.0,0.08275928836380983,0.0,1.0
0,1.0,0.0,0.6634738110619175,0.0,0.0,0.018542765081513996,0.0,0.0
1,1.0,0.0,0.31345290922417474,0.125,0.16666666666666666,0.031034733136428686,0.0,0.0
1,0.5,1.0,0.7300610460577387,0.125,0.3333333333333333,0.08115719346076702,0.6666666666666666,0.0
0,1.0,0.0,0.827145248933651,0.0,0.0,0.015712553569072387,0.0,0.0
1,0.5,1.0,0.7728826315759671,0.0,0.0,0.020494635090094415,0.0,0.0
0,0.5,0.0,0.8931886722378137,0.0,0.0,0.025374310111545468,0.0,0.0
1,0.0,1.0,0.6499790981622572,0.0,0.16666666666666666,0.41250332793836464,0.0,0.0
0,1.0,0.0,0.748254731484404,0.0,0.0,0.017005667449756914,0.6666666666666666,1.0
1,0.0,1.0,0.6761501453138191,0.125,0.0,0.11125659048908397,0.0,0.0
0,1.0,0.0,0.748254731484404,0.0,0.0,0.04713766070721715,0.3333333333333333,1.0
0,1.0,0.0,0.7567904259244436,0.0,0.0,0.015411575213749286,0.0,0.0
0,1.0,1.0,0.794913038915667,0.0,0.0,0.016908073949327893,0.0,0.0
1,0.5,0.0,0.04477737590878006,0.125,0.16666666666666666,0.03659756266088288,0.0,0.0
0,1.0,1.0,0.8796939593381534,0.0,0.0,0.015126992566498259,0.0,0.0
0,0.0,0.0,0.748254731484404,0.0,0.0,0.050748620223090936,0.0,1.0
0,1.0,0.0,0.748254731484404,0.0,0.0,0.014151057562208049,0.0,1.0
1,0.5,1.0,0.780486941502388,0.125,0.0,0.050748620223090936,0.0,0.0
0,1.0,0.0,0.780486941502388,0.0,0.0,0.015330377421392339,0.0,0.0
0,0.5,0.0,0.7203339211714648,0.25,0.0,0.1434624456306609,0.0,0.0
0,0.0,0.0,0.8148419664802251,0.0,0.0,0.009759350042902102,0.0,0.0
0,1.0,0.0,0.8497722200948,0.125,0.8333333333333333,0.06104473451835265,0.0,0.0
0,0.5,0.0,0.9178165723293769,0.0,0.0,0.050748620223090936,0.0,0.0
1,1.0,0.0,0.7878243777772886,0.0,0.0,0.015411575213749286,0.6666666666666666,0.0
1,0.0,1.0,0.8796939593381534,0.125,0.16666666666666666,0.32179836714362564,0.0,0.0
0,1.0,0.0,0.8749949868111484,0.0,0.16666666666666666,0.031425107138144774,0.0,0.0
0,1.0,0.0,0.748254731484404,0.0,0.0,0.018542765081513996,0.0,1.0
0,1.0,0.0,0.748254731484404,0.0,0.0,0.015411575213749286,0.0,1.0
0,1.0,0.0,0.8084077518153272,0.0,0.0,0.015468569817999833,0.0,0.0
1,1.0,0.0,0.7101321184931805,0.125,0.0,0.015468569817999833,0.0,0.0
1,0.0,1.0,0.9327583185306982,0.0,0.0,0.2859895551532101,0.6666666666666666,0.0
0,0.5,0.0,0.6994069226064903,0.0,0.0,0.025374310111545468,0.0,0.0
0,0.0,0.0,0.8796939593381534,0.0,0.0,0.051822148727810165,0.0,0.0
0,1.0,0.0,0.08373804804827849,0.5,0.16666666666666666,0.07746484096553544,0.0,0.0
1,1.0,1.0,0.7203339211714648,0.0,0.0,0.014931805565640218,0.0,0.0
0,1.0,0.0,0.22867198880168826,0.5,0.16666666666666666,0.05684821399990475,0.3333333333333333,0.0
0,1.0,0.0,0.6994069226064903,0.0,0.0,0.028302115124416098,0.0,0.0
0,1.0,0.0,0.801769242578651,0.0,0.0,0.015175789316712771,0.0,0.0
1,0.0,1.0,0.8330356519068904,0.0,0.3333333333333333,0.13858277060920987,0.0,0.0
1,0.0,1.0,0.6634738110619175,0.0,0.16666666666666666,0.11316786160148591,0.6666666666666666,0.0
0,1.0,0.0,0.5431677704000709,0.625,0.3333333333333333,0.09154270340242172,0.0,0.0
0,0.0,1.0,0.7567904259244436,0.125,0.3333333333333333,0.29580589980036276,0.0,0.0
1,0.5,1.0,0.801769242578651,0.125,0.16666666666666666,0.05123658772523604,0.0,0.0
0,0.5,0.0,0.8210840860672288,0.125,0.0,0.04098927018018883,0.0,0.0
0,0.5,0.0,0.8084077518153272,0.25,0.0,0.1434624456306609,0.0,0.0
0,1.0,0.0,0.7649912996723136,0.125,0.3333333333333333,0.04015972542654215,0.0,0.0
0,1.0,0.0,0.6761501453138191,0.0,0.0,0.013907073811135496,0.0,0.0
0,0.0,0.0,0.780486941502388,0.0,0.0,0.09193307740413781,0.0,0.0
0,1.0,0.0,0.801769242578651,0.0,0.0,0.015126992566498259,0.3333333333333333,0.0
1,1.0,0.0,0.748254731484404,0.0,0.0,0.11027245763075773,0.0,1.0
1,1.0,0.0,0.8749949868111484,0.0,0.0,0.015468569817999833,0.0,0.0
1,1.0,0.0,0.373605929555098,0.125,0.16666666666666666,0.021730754366528396,0.0,0.0
1,0.5,1.0,0.6881017111534806,0.0,0.16666666666666666,0.044893010197349675,0.0,0.0
1,1.0,1.0,0.7393557085818239,0.0,0.0,0.014736618564782174,0.0,0.0
1,0.0,1.0,0.8148419664802251,0.125,0.0,0.10364429745562033,0.0,0.0
1,0.5,1.0,0.794913038915667,0.0,0.0,0.024105594605968193,0.3333333333333333,0.0
1,0.0,1.0,0.8931886722378137,0.125,0.0,0.07729405233978466,0.6666666666666666,0.0
0,0.5,1.0,0.8443408633599,0.0,0.0,0.025374310111545468,0.0,0.0
0,1.0,0.0,0.7649912996723136,0.25,0.0,0.016908073949327893,0.0,0.0
0,1.0,0.0,0.748254731484404,0.0,0.0,0.014630827210317117,0.0,0.0
1,1.0,0.0,0.7649912996723136,0.0,0.0,0.11027245763075773,0.0,0.0
1,0.5,0.0,0.22867198880168826,0.125,0.16666666666666666,0.050748620223090936,0.0,0.0
0,0.5,0.0,0.7728826315759671,0.0,0.0,0.025374310111545468,0.0,0.0
0,1.0,0.0,0.22867198880168826,0.5,0.16666666666666666,0.07746484096553544,0.0,0.0
1,1.0,0.0,0.7728826315759671,0.0,0.0,0.015216388212891242,0.0,0.0
1,1.0,1.0,0.7300610460577387,0.0,0.0,0.015126992566498259,0.3333333333333333,0.0
0,1.0,0.0,0.748254731484404,0.0,0.0,0.015411575213749286,0.0,1.0
0,1.0,1.0,0.6761501453138191,0.0,0.0,0.028220722145058292,0.6666666666666666,0.0
0,1.0,0.0,0.780486941502388,0.0,0.0,0.04396587194327397,0.0,0.0
0,1.0,1.0,0.748254731484404,1.0,0.3333333333333333,0.13575255909676825,0.0,1.0
0,1.0,1.0,0.748254731484404,1.0,0.3333333333333333,0.13575255909676825,0.0,1.0
0,1.0,0.0,0.748254731484404,0.375,0.16666666666666666,0.049707687947515,0.0,1.0
0,0.0,0.0,0.748254731484404,0.0,0.0,0.050602229972447406,0.0,1.0
1,1.0,1.0,0.748254731484404,0.125,0.0,0.031425107138144774,0.0,1.0
1,1.0,1.0,0.7300610460577387,0.0,0.0,0.014151057562208049,0.0,0.0
1,0.0,0.0,0.8330356519068904,0.0,0.16666666666666666,1.0,0.6666666666666666,0.0
0,1.0,0.0,0.6881017111534806,0.0,0.0,0.015126992566498259,0.0,0.0
0,0.5,0.0,0.6881017111534806,0.0,0.0,0.022446505098674838,0.0,0.0
0,0.5,0.0,0.7567904259244436,0.125,0.3333333333333333,0.08115719346076702,0.6666666666666666,0.0
0,1.0,0.0,0.8330356519068904,0.0,0.0,0.015411575213749286,0.0,0.0
1,0.0,1.0,0.6994069226064903,0.0,0.3333333333333333,0.051301584996521765,0.0,0.0
1,0.5,1.0,0.6200573589189038,0.0,0.16666666666666666,0.038061465167318204,0.0,0.0
0,1.0,0.0,0.6634738110619175,0.125,0.16666666666666666,0.03952536767375352,0.0,0.0
0,1.0,1.0,0.8602291728689075,0.0,0.3333333333333333,0.039452172548431745,0.0,0.0
0,1.0,0.0,0.748254731484404,0.125,0.3333333333333333,0.04577135170121086,0.0,1.0
1,0.0,1.0,0.7649912996723136,0.0,0.0,0.15390495017656614,0.0,0.0
0,1.0,0.0,0.6881017111534806,0.0,0.0,0.016200521071217493,0.0,0.0
1,1.0,0.0,0.4583868499775845,0.0,0.16666666666666666,0.024349578357040744,0.0,0.0
0,0.5,0.0,0.9363326872379453,0.0,0.0,0.026350245115835676,0.0,0.0
1,0.0,0.0,0.8931886722378137,0.125,0.0,0.1497654242623688,0.6666666666666666,0.0
0,0.5,0.0,0.9597759072336348,0.0,0.0,0.020494635090094415,0.0,0.0
1,0.0,1.0,0.7393557085818239,0.375,0.3333333333333333,0.5133418122566507,0.0,0.0
1,1.0,1.0,0.6994069226064903,0.0,0.0,0.01537917417160685,0.3333333333333333,0.0
1,0.0,1.0,0.748254731484404,0.375,0.3333333333333333,0.5133418122566507,0.0,0.0
1,0.0,1.0,0.8443408633599,0.0,0.0,0.15614960068643363,1.0,0.0
0,1.0,0.0,0.748254731484404,1.0,0.3333333333333333,0.13575255909676825,0.0,1.0
0,0.5,1.0,0.748254731484404,0.0,0.0,0.025374310111545468,0.0,0.0
1,1.0,0.0,0.8084077518153272,0.0,0.0,0.015712553569072387,0.0,0.0
0,1.0,0.0,0.748254731484404,0.0,0.0,0.015175789316712771,0.0,1.0
1,1.0,1.0,0.748254731484404,0.0,0.3333333333333333,0.03259622914329302,0.0,0.0
0,0.0,1.0,0.22867198880168826,0.125,0.3333333333333333,0.29580589980036276,0.0,0.0
0,1.0,0.0,0.7649912996723136,0.125,0.0,0.028212719478023115,0.6666666666666666,0.0
1,0.0,1.0,0.7393557085818239,0.125,0.0,0.22109807522194713,0.6666666666666666,0.0
1,0.5,0.0,0.748254731484404,0.0,0.0,0.02705779799394608,0.6666666666666666,1.0
1,1.0,0.0,0.8084077518153272,0.0,0.0,0.015468569817999833,0.0,0.0
0,1.0,1.0,0.5431677704000709,0.5,0.3333333333333333,0.06104473451835265,0.0,0.0
0,1.0,0.0,0.8210840860672288,0.0,0.0,0.015712553569072387,0.0,0.0
0,0.0,0.0,0.8330356519068904,0.125,0.0,0.15390495017656614,0.0,0.0
1,0.5,1.0,0.794913038915667,0.0,0.0,0.025374310111545468,0.0,0.0
0,1.0,0.0,0.8330356519068904,0.0,0.0,0.014630827210317117,0.0,0.0
0,0.5,0.0,0.8652678619248745,0.125,0.0,0.05270049023167135,0.0,0.0
1,0.0,1.0,0.7300610460577387,0.0,0.3333333333333333,0.09661756542473082,0.6666666666666666,0.0
0,1.0,1.0,0.8931886722378137,0.125,0.5,0.06709553154495196,0.0,0.0
0,1.0,0.0,0.7203339211714648,0.0,0.0,0.015330377421392339,0.0,0.0
0,1.0,0.0,0.8701879825185879,0.0,0.0,0.015712553569072387,0.0,0.0
0,0.5,0.0,0.748254731484404,0.0,0.0,0.0,0.0,1.0
0,1.0,0.0,0.7203339211714648,0.0,0.0,0.015094396337354966,0.3333333333333333,0.0
0,1.0,0.0,0.6634738110619175,0.0,0.0,0.01798980030808316,0.0,0.0
0,1.0,0.0,0.7300610460577387,0.0,0.0,0.014151057562208049,0.0,0.0
0,1.0,0.0,0.8210840860672288,0.125,0.16666666666666666,0.028106928123558056,0.0,0.0
0,0.0,0.0,0.6994069226064903,0.125,0.0,0.10364429745562033,0.0,0.0
0,0.0,0.0,0.972079189687061,0.125,0.16666666666666666,0.13858277060920987,0.0,0.0
0,1.0,0.0,0.748254731484404,0.0,0.0,0.018542765081513996,0.0,0.0
0,1.0,0.0,0.7983692412012432,0.0,0.0,0.015712553569072387,0.0,0.0
0,0.5,0.0,0.748254731484404,0.0,0.0,0.020494635090094415,0.0,0.0
0,1.0,0.0,0.6994069226064903,0.0,0.0,0.015923941091001644,0.0,0.0
0,1.0,1.0,0.5185398703085077,0.375,0.16666666666666666,0.04113566043083236,0.0,0.0
1,1.0,1.0,0.08373804804827849,0.0,0.3333333333333333,0.030725752114070404,0.6666666666666666,0.0
1,1.0,1.0,0.7728826315759671,0.0,0.0,0.015468569817999833,0.0,0.0
0,1.0,0.0,0.8796939593381534,0.0,0.0,0.013614293309848433,0.0,0.0
0,1.0,0.0,0.8652678619248745,0.0,0.0,0.016908073949327893,0.0,0.0
0,1.0,1.0,0.6428904370238788,0.125,0.0,0.028212719478023115,0.6666666666666666,0.0
1,0.0,1.0,0.748254731484404,0.0,0.16666666666666666,0.10735285047192313,0.0,1.0
1,1.0,0.0,0.7649912996723136,0.0,0.0,0.036670757786204655,0.6666666666666666,0.0
0,0.0,0.0,0.9533416925687369,0.125,0.6666666666666666,0.5133418122566507,0.0,0.0
0,1.0,0.0,0.748254731484404,0.0,0.0,0.015281580671177828,0.3333333333333333,1.0
1,1.0,1.0,0.748254731484404,0.0,0.0,0.015126992566498259,0.3333333333333333,1.0
1,0.0,1.0,0.9254208822557979,0.0,0.16666666666666666,0.16231419173453318,0.6666666666666666,0.0
1,0.0,1.0,0.9099252404257233,0.125,0.0,0.1527664244005612,0.6666666666666666,0.0
0,0.0,0.0,0.748254731484404,0.0,0.0,0.051822148727810165,0.0,1.0
0,1.0,0.0,0.8576635519984536,0.0,0.0,0.015126992566498259,0.3333333333333333,0.0
0,1.0,0.0,0.7300610460577387,0.0,0.0,0.015411575213749286,0.0,0.0
1,1.0,1.0,0.023585027717355198,0.25,0.16666666666666666,0.03758969818624431,0.6666666666666666,0.0
0,1.0,0.0,0.943303181954653,0.0,0.0,0.012174789178520372,0.0,0.0
0,1.0,0.0,0.748254731484404,0.0,0.0,0.015712553569072387,0.0,1.0
1,0.0,0.0,0.748254731484404,0.0,0.0,0.051822148727810165,0.0,1.0
0,0.5,0.0,0.6881017111534806,0.0,0.0,0.025374310111545468,0.0,0.0
1,0.5,0.0,0.801769242578651,0.0,0.0,0.025374310111545468,0.0,0.0
0,1.0,0.0,0.8330356519068904,0.125,0.16666666666666666,0.04713766070721715,0.0,0.0
1,0.0,0.0,0.373605929555098,0.0,0.3333333333333333,0.15977676072337862,0.0,0.0
0,0.5,0.0,0.7878243777772886,0.125,0.0,0.04098927018018883,0.0,0.0
0,1.0,0.0,0.748254731484404,0.0,0.0,0.015712553569072387,0.0,1.0
1,1.0,1.0,0.8443408633599,0.125,0.8333333333333333,0.06126431989431795,0.0,0.0
0,0.0,0.0,0.8887864995868755,0.0,0.0,0.10149724044618187,0.0,0.0
0,0.5,0.0,0.8652678619248745,0.0,0.0,0.025374310111545468,0.0,0.0
0,1.0,0.0,0.9235455739224822,0.0,0.0,0.015712553569072387,0.0,0.0
0,1.0,0.0,0.8497722200948,0.0,0.0,0.015468569817999833,0.0,0.0
0,1.0,0.0,0.8749949868111484,0.0,0.0,0.015712553569072387,0.0,0.0
1,0.0,0.0,0.8652678619248745,0.125,0.0,0.10257896680493714,0.0,0.0
0,1.0,0.0,0.8210840860672288,0.0,0.0,0.015712553569072387,0.0,0.0
0,1.0,0.0,0.748254731484404,0.0,0.0,0.014102260811993537,0.6666666666666666,1.0
0,0.0,0.0,0.748254731484404,0.0,0.0,0.15458810467956932,0.6666666666666666,0.0
0,1.0,0.0,0.748254731484404,0.0,0.0,0.015126992566498259,0.3333333333333333,1.0
1,0.5,1.0,0.7300610460577387,0.125,0.16666666666666666,0.056604230248832196,0.0,0.0
1,0.5,1.0,0.8652678619248745,0.0,0.0,0.025374310111545468,0.0,0.0
1,0.0,0.0,0.8387646534999957,0.125,0.16666666666666666,0.10257896680493714,0.0,0.0
0,0.5,0.0,0.8330356519068904,0.125,0.3333333333333333,0.05416439273810667,0.0,0.0
0,1.0,0.0,0.748254731484404,0.0,0.0,0.015411575213749286,0.0,1.0
1,0.0,0.0,0.7728826315759671,0.0,0.0,0.05953203526170282,0.0,0.0
1,1.0,1.0,0.748254731484404,0.0,0.0,0.014102260811993537,0.6666666666666666,1.0
1,1.0,1.0,0.801769242578651,0.125,0.16666666666666666,0.04006213192611313,0.0,0.0
0,1.0,0.0,0.7438525588334658,0.0,0.0,0.014110458666029575,0.6666666666666666,0.0
1,0.0,1.0,0.827145248933651,0.0,0.0,0.2647385704347907,0.0,0.0
1,0.5,0.0,0.6994069226064903,0.0,0.0,0.020494635090094415,0.0,0.0
0,1.0,0.0,0.9363326872379453,0.0,0.0,0.014151057562208049,0.0,0.0
0,0.0,0.0,0.8887864995868755,0.0,0.0,0.06640417918791278,0.0,0.0
0,0.5,0.0,0.801769242578651,0.125,0.16666666666666666,0.05123658772523604,0.0,0.0
0,1.0,0.0,0.9565835478569863,0.0,0.0,0.015126992566498259,0.3333333333333333,0.0
1,1.0,0.0,0.794913038915667,0.0,0.0,0.018542765081513996,0.0,0.0
0,1.0,0.0,0.748254731484404,0.0,0.0,0.015712553569072387,0.0,1.0
0,1.0,0.0,0.748254731484404,0.0,0.0,0.11027245763075773,0.0,1.0
1,1.0,0.0,0.748254731484404,0.0,0.0,0.015834545444608664,0.0,1.0
1,1.0,1.0,0.373605929555098,0.0,0.3333333333333333,0.04298993693898376,0.0,0.0
0,1.0,0.0,0.6881017111534806,0.125,0.0,0.012678957201736696,0.0,0.0
0,1.0,0.0,0.748254731484404,0.0,0.0,0.015126992566498259,0.3333333333333333,1.0
0,0.0,0.0,0.801769242578651,0.0,0.0,0.09856123757927521,0.0,0.0
1,0.0,1.0,0.9500487823473609,0.125,0.0,0.15216446768991498,0.0,0.0
1,0.0,1.0,0.9467031833320608,0.0,0.0,0.15614960068643363,1.0,0.0
0,1.0,0.0,0.5431677704000709,0.5,0.3333333333333333,0.06126431989431795,0.0,0.0
1,1.0,1.0,0.748254731484404,0.0,0.0,0.015126992566498259,0.3333333333333333,1.0
0,1.0,0.0,0.7300610460577387,0.0,0.0,0.017566830077223785,0.0,0.0
1,0.0,1.0,0.6761501453138191,0.125,0.0,0.2125586439344078,0.6666666666666666,0.0
1,0.0,1.0,0.9327583185306982,0.0,0.0,0.051822148727810165,0.0,0.0
1,0.5,1.0,0.31345290922417474,0.125,0.3333333333333333,0.08115719346076702,0.6666666666666666,0.0
0,1.0,0.0,0.6634738110619175,0.125,0.5,0.06709553154495196,0.0,0.0
1,1.0,0.0,0.748254731484404,0.0,0.0,0.014110458666029575,0.6666666666666666,1.0
1,0.0,1.0,0.8887864995868755,0.125,0.16666666666666666,0.10257896680493714,0.0,0.0
1,0.5,1.0,0.42026423698636106,0.125,0.3333333333333333,0.05416439273810667,0.0,0.0
0,0.5,1.0,0.7728826315759671,0.125,0.0,0.04098927018018883,0.0,0.0
0,1.0,0.0,0.748254731484404,0.0,0.0,0.013386510079847098,0.3333333333333333,1.0
0,0.5,0.0,0.780486941502388,0.0,0.0,0.026350245115835676,0.0,0.0
1,0.0,0.0,0.8550660592465903,0.0,0.0,0.060507970265993034,0.6666666666666666,0.0
0,0.5,0.0,0.8359197731855859,0.0,0.3333333333333333,0.050748620223090936,0.0,0.0
0,1.0,0.0,0.748254731484404,0.0,0.0,0.015411575213749286,0.0,1.0
0,0.5,0.0,0.8387646534999957,0.125,0.0,0.050748620223090936,0.0,0.0
1,0.5,1.0,0.8116496071035766,0.0,0.0,0.025374310111545468,0.0,0.0
0,0.5,0.0,0.7393557085818239,0.0,0.0,0.025374310111545468,0.0,0.0
0,1.0,0.0,0.6634738110619175,0.0,0.0,0.015712553569072387,0.0,0.0
1,0.5,1.0,0.8210840860672288,0.0,0.16666666666666666,0.044893010197349675,0.0,0.0
0,0.0,0.0,0.7728826315759671,0.0,0.3333333333333333,0.41282050681475896,0.6666666666666666,0.0
0,1.0,0.0,0.8148419664802251,0.0,0.0,0.015411575213749286,0.6666666666666666,0.0
0,1.0,0.0,0.8652678619248745,0.0,0.0,0.014931805565640218,0.0,0.0
1,0.0,0.0,0.780486941502388,0.0,0.0,0.06929138530460494,0.0,0.0
0,1.0,0.0,0.748254731484404,0.0,0.0,0.014102260811993537,0.6666666666666666,1.0
0,0.0,0.0,0.9467031833320608,0.0,0.0,0.051822148727810165,0.0,0.0
1,0.0,0.0,0.7567904259244436,0.125,0.0,0.1082149914547131,0.6666666666666666,0.0
1,0.0,0.0,0.8330356519068904,0.0,0.0,0.05130978285055781,0.0,0.0
1,0.0,1.0,0.827145248933651,0.125,0.0,0.10149724044618187,0.0,0.0
0,1.0,0.0,0.748254731484404,1.0,0.3333333333333333,0.13575255909676825,0.0,1.0
1,1.0,1.0,0.748254731484404,0.0,0.0,0.015126992566498259,0.3333333333333333,1.0
1,1.0,1.0,0.7300610460577387,0.0,0.0,0.015175789316712771,0.0,0.0
0,1.0,1.0,0.8497722200948,0.125,0.8333333333333333,0.06104473451835265,0.0,0.0
1,0.5,1.0,0.8330356519068904,0.0,0.0,0.025374310111545468,0.0,0.0
0,0.5,0.0,0.8330356519068904,0.0,0.0,0.025130326360472913,0.6666666666666666,0.0
1,0.0,0.0,0.801769242578651,0.125,0.0,0.11125659048908397,0.0,0.0
1,0.0,1.0,0.748254731484404,0.0,0.0,0.15458810467956932,0.6666666666666666,1.0
0,1.0,0.0,0.794913038915667,0.0,0.0,0.015411575213749286,0.0,0.0
0,1.0,0.0,0.8652678619248745,0.0,0.16666666666666666,0.01640390592611157,0.0,0.0
0,1.0,0.0,0.748254731484404,0.0,0.0,0.015712553569072387,0.0,1.0
0,0.5,1.0,0.8749949868111484,0.125,0.0,0.050748620223090936,0.0,0.0
0,1.0,0.0,0.7203339211714648,0.0,0.0,0.016908073949327893,0.0,0.0
0,1.0,0.0,0.780486941502388,0.0,0.0,0.11027245763075773,0.0,0.0
1,0.0,1.0,0.8497722200948,0.125,0.16666666666666666,0.21642978772242535,0.6666666666666666,0.0
1,0.0,0.0,0.06630333070565883,0.125,0.3333333333333333,0.29580589980036276,0.0,0.0
0,1.0,0.0,0.748254731484404,0.0,0.0,0.015126992566498259,0.3333333333333333,1.0
0,0.0,0.0,0.7300610460577387,0.0,0.0,0.2647385704347907,0.6666666666666666,0.0
0,1.0,0.0,0.8148419664802251,0.0,0.0,0.015175789316712771,0.0,0.0
0,0.5,0.0,0.6634738110619175,0.0,0.0,0.050748620223090936,0.0,0.0
0,1.0,0.0,0.7152952321154977,0.0,0.0,0.014151057562208049,0.0,0.0
1,0.0,0.0,0.9017243666778533,0.25,0.0,0.2608674266467732,0.0,0.0
0,1.0,0.0,0.6994069226064903,0.0,0.0,0.013175122557917838,0.3333333333333333,0.0
0,1.0,1.0,0.748254731484404,1.0,0.3333333333333333,0.13575255909676825,0.0,1.0
0,1.0,0.0,0.7101321184931805,0.0,0.0,0.013760683560491965,0.0,0.0
1,0.0,1.0,0.794913038915667,0.0,0.0,0.060507970265993034,0.6666666666666666,0.0
1,1.0,1.0,0.748254731484404,0.0,0.0,0.015126992566498259,0.3333333333333333,1.0
1,0.5,1.0,0.9178165723293769,0.125,0.5,0.044893010197349675,0.0,0.0
0,1.0,0.0,0.748254731484404,1.0,0.3333333333333333,0.13575255909676825,0.0,1.0
0,1.0,0.0,0.8820044301127842,0.0,0.0,0.014102260811993537,0.6666666666666666,0.0
1,0.5,1.0,0.6761501453138191,0.0,0.0,0.020494635090094415,0.0,0.0
0,0.0,0.0,0.748254731484404,0.0,0.0,0.0,0.0,1.0
0,1.0,0.0,0.748254731484404,0.25,0.0,0.04713766070721715,0.0,0.0
0,1.0,0.0,0.748254731484404,0.0,0.0,0.013760683560491965,0.0,1.0
0,0.5,0.0,0.7393557085818239,0.0,0.0,0.020494635090094415,0.0,0.0
0,1.0,0.0,0.7101321184931805,0.0,0.0,0.015330377421392339,0.0,0.0
1,1.0,1.0,0.748254731484404,0.0,0.0,0.015200187691820024,0.3333333333333333,1.0
1,0.0,0.0,0.780486941502388,0.0,0.0,0.051822148727810165,0.0,0.0
1,0.0,1.0,0.8701879825185879,0.0,0.16666666666666666,0.41250332793836464,0.0,0.0
0,1.0,1.0,0.22867198880168826,0.5,0.3333333333333333,0.06104473451835265,0.0,0.0
1,0.0,1.0,0.6994069226064903,0.125,0.0,0.17777475888549785,0.6666666666666666,0.0
0,1.0,0.0,0.7841878430289768,0.0,0.0,0.014110458666029575,0.6666666666666666,0.0
0,1.0,0.0,0.7728826315759671,0.0,0.0,0.015411575213749286,0.0,0.0
1,0.0,1.0,0.794913038915667,0.0,0.0,0.16883675574220638,0.0,0.0
0,1.0,0.0,0.7101321184931805,0.0,0.0,0.015468569817999833,0.0,0.0
0,1.0,0.0,0.7567904259244436,0.125,0.0,0.015175789316712771,0.0,0.0
0,1.0,0.0,0.748254731484404,0.0,0.0,0.015411575213749286,0.6666666666666666,1.0
0,1.0,1.0,0.7649912996723136,0.125,0.0,0.031425107138144774,0.0,0.0
0,1.0,0.0,0.748254731484404,0.0,0.0,0.015086393670319786,0.3333333333333333,1.0
0,1.0,0.0,0.748254731484404,0.0,0.0,0.015411575213749286,0.0,1.0
0,0.0,0.0,0.8387646534999957,0.0,0.16666666666666666,0.057970539254838485,0.6666666666666666,0.0
0,1.0,0.0,0.780486941502388,0.0,0.0,0.015216388212891242,0.0,0.0
0,1.0,0.0,0.794913038915667,0.0,0.0,0.015712553569072387,0.0,0.0
1,0.0,0.0,0.6761501453138191,0.0,0.3333333333333333,0.21642978772242535,0.6666666666666666,0.0
1,0.5,1.0,0.7878243777772886,0.125,0.0,0.050748620223090936,0.0,0.0
1,1.0,1.0,0.6499790981622572,0.125,0.0,0.028212719478023115,0.6666666666666666,0.0
1,1.0,1.0,0.748254731484404,0.125,0.16666666666666666,0.04364049521284362,0.6666666666666666,1.0
1,0.0,0.0,0.585127105304329,0.125,0.3333333333333333,0.23422440102965048,0.0,0.0
1,1.0,1.0,0.748254731484404,0.0,0.0,0.01537917417160685,0.3333333333333333,1.0
1,0.5,0.0,0.08373804804827849,0.25,0.16666666666666666,0.07612293033463641,0.0,0.0
0,1.0,0.0,0.748254731484404,0.0,0.0,0.015126992566498259,0.3333333333333333,1.0
1,1.0,0.0,0.7878243777772886,0.0,0.0,0.015126992566498259,0.3333333333333333,0.0
0,1.0,0.0,0.6881017111534806,0.0,0.0,0.015175789316712771,0.0,0.0
1,0.0,1.0,0.7300610460577387,0.125,0.0,0.12999454257145598,0.0,0.0
0,1.0,0.0,0.794913038915667,0.0,0.0,0.014102260811993537,0.6666666666666666,0.0
0,0.5,0.0,0.9099252404257233,0.0,0.0,0.025374310111545468,0.0,0.0
1,0.5,0.0,0.8084077518153272,0.125,0.0,0.050748620223090936,0.0,0.0
0,0.0,0.0,0.9017243666778533,0.125,0.0,0.20772776566317125,0.6666666666666666,0.0
0,1.0,0.0,0.748254731484404,0.125,0.0,0.031425107138144774,0.0,1.0
1,1.0,1.0,0.748254731484404,0.0,0.0,0.015094396337354966,0.3333333333333333,1.0
0,0.5,0.0,0.8330356519068904,0.0,0.0,0.020494635090094415,0.0,0.0
1,0.5,0.0,0.8652678619248745,0.0,0.0,0.025374310111545468,0.0,0.0
0,1.0,1.0,0.780486941502388,0.125,0.16666666666666666,0.028106928123558056,0.0,0.0
0,1.0,1.0,0.5431677704000709,0.25,0.3333333333333333,0.06709553154495196,0.0,0.0
0,0.0,0.0,0.9327583185306982,0.0,0.3333333333333333,0.22109807522194713,0.6666666666666666,0.0
1,1.0,1.0,0.801769242578651,0.0,0.0,0.016948672845506364,0.0,0.0
1,1.0,1.0,0.748254731484404,0.0,0.5,0.03758969818624431,0.6666666666666666,0.0
0,0.0,1.0,0.9017243666778533,0.0,0.0,0.05604306762136532,0.6666666666666666,0.0
0,0.5,0.0,0.8210840860672288,0.125,0.0,0.050748620223090936,0.0,0.0
0,1.0,0.0,0.373605929555098,0.5,0.3333333333333333,0.06104473451835265,0.0,0.0
1,1.0,1.0,0.42026423698636106,0.25,0.16666666666666666,0.03758969818624431,0.6666666666666666,0.0
1,1.0,1.0,0.748254731484404,0.125,0.0,0.031425107138144774,0.0,1.0
0,1.0,0.0,0.827145248933651,0.0,0.0,0.015411575213749286,0.6666666666666666,0.0
1,1.0,0.0,0.748254731484404,0.125,0.16666666666666666,0.029757819776815374,0.6666666666666666,1.0
1,0.5,0.0,0.0,0.125,0.16666666666666666,0.028302115124416098,0.0,0.0
0,1.0,0.0,0.7203339211714648,0.0,0.0,0.015468569817999833,0.0,0.0
1,1.0,1.0,0.42026423698636106,0.0,0.0,0.024349578357040744,0.0,0.0
0,0.5,0.0,0.7203339211714648,0.0,0.0,0.1434624456306609,0.0,0.0
0,1.0,0.0,0.8652678619248745,0.0,0.0,0.014736618564782174,0.0,0.0
1,0.0,1.0,0.794913038915667,0.0,0.0,0.20772776566317125,0.6666666666666666,0.0
1,1.0,1.0,0.6881017111534806,0.0,0.0,0.019209719063445922,0.0,0.0
1,0.0,1.0,0.748254731484404,0.125,0.0,0.17391981561855152,0.6666666666666666,1.0
1,0.5,1.0,0.780486941502388,0.125,0.0,0.04684488020593009,0.6666666666666666,0.0
0,0.0,0.0,0.9254208822557979,0.0,0.0,0.05991421140938287,0.6666666666666666,0.0
0,1.0,0.0,0.748254731484404,0.0,0.0,0.015712553569072387,0.0,1.0
0,0.5,0.0,0.7728826315759671,0.0,0.0,0.050748620223090936,0.0,0.0
1,0.0,1.0,0.827145248933651,0.125,0.0,0.17566830077223786,0.0,0.0
0,0.5,0.0,0.8497722200948,0.0,0.0,0.050748620223090936,0.0,0.0
0,0.5,0.0,0.8701879825185879,0.125,0.16666666666666666,0.05123658772523604,0.0,0.0
0,1.0,1.0,0.801769242578651,0.0,0.0,0.015330377421392339,0.0,0.0
1,0.5,1.0,0.748254731484404,0.25,0.16666666666666666,0.05270049023167135,0.0,0.0
1,0.5,1.0,0.8148419664802251,0.125,0.3333333333333333,0.05416439273810667,0.0,0.0
0,0.5,0.0,0.8084077518153272,0.0,0.0,0.020494635090094415,0.0,0.0
1,0.0,0.0,0.8975000719428585,0.125,0.0,0.11111839809247648,0.6666666666666666,0.0
1,1.0,0.0,0.7728826315759671,0.0,0.0,0.013614293309848433,0.0,0.0
1,0.5,1.0,0.8931886722378137,0.125,0.3333333333333333,0.12687155055772734,0.0,0.0
0,0.5,0.0,0.748254731484404,0.0,0.0,0.0,0.0,1.0
0,0.5,0.0,0.9017243666778533,0.0,0.0,0.025374310111545468,0.0,0.0
1,0.5,1.0,0.6355530007489782,0.125,0.0,0.058694292654020104,0.6666666666666666,0.0
1,1.0,1.0,0.748254731484404,0.0,0.0,0.01537917417160685,0.3333333333333333,1.0
1,0.0,0.0,0.8652678619248745,0.0,0.0,0.05130978285055781,0.0,0.0
1,0.0,1.0,0.8330356519068904,0.125,0.3333333333333333,0.23422440102965048,0.0,0.0
1,0.0,1.0,0.8497722200948,0.125,0.16666666666666666,0.16231419173453318,0.6666666666666666,0.0
1,1.0,1.0,0.6994069226064903,0.125,0.0,0.015330377421392339,0.0,0.0
0,1.0,0.0,0.748254731484404,0.0,0.0,0.015094396337354966,0.3333333333333333,1.0
1,1.0,1.0,0.8330356519068904,0.125,0.0,0.033962538149299316,0.0,0.0
0,0.5,0.0,0.9398469796690767,0.125,0.16666666666666666,0.07612293033463641,0.0,0.0
